page_title,page_text,page_text_format,page_text_more,page_excerpt,page_keywords,page_folder_id,page_basename,page_status,page_has_deadline,page_published_on,page_unpublished_on,page_rev_note,page_user_id,page_uuid,page_widgets,page_assets,page_tags
Main Page,,richtext,,,,,main_page,0,0,2018-11-15T12:16:48,0,,1,f88996b2-1e50-4e6b-9e93-ee1e1312430c,"Main Widget,Full Band Dark,3 columns of 1,3 columns of 2,3 columns of 3,3 columns of 4",,@main_page
About Us,"<h2>Our Story</h2>
<p>Lorem ipsum dolor sit amet, consectetur adipiscing elit, sed do eiusmod tempor incididunt ut labore et dolore magna aliqua. Ut enim ad minim veniam, quis nostrud exercitation ullamco laboris nisi ut aliquip ex ea commodo consequat. Duis aute irure dolor in reprehenderit in voluptate velit esse cillum dolore eu fugiat nulla pariatur. Excepteur sint occaecat cupidatat non proident, sunt in culpa qui officia deserunt mollit anim id est laborum.</p>
<blockquote>
<p>Lorem ipsum dolor sit amet, consectetur adipiscing elit, sed do eiusmod tempor incididunt ut labore et dolore magna aliqua. Ut enim ad minim veniam, quis nostrud exercitation ullamco laboris nisi ut aliquip ex ea commodo consequat. Duis aute irure dolor in reprehenderit in voluptate velit esse cillum dolore eu fugiat nulla pariatur. Excepteur sint occaecat cupidatat non proident, sunt in culpa qui officia deserunt mollit anim id est laborum.</p>
</blockquote>",richtext,,,,About Us,about_us,4,0,2018-11-15T15:32:17,0,,1,53d45453-e245-473e-9ee8-a6a1d3e2e8d8,,,
Privacy Policy,"<h2>Our Story</h2>
<p>Lorem ipsum dolor sit amet, consectetur adipiscing elit, sed do eiusmod tempor incididunt ut labore et dolore magna aliqua. Ut enim ad minim veniam, quis nostrud exercitation ullamco laboris nisi ut aliquip ex ea commodo consequat. Duis aute irure dolor in reprehenderit in voluptate velit esse cillum dolore eu fugiat nulla pariatur. Excepteur sint occaecat cupidatat non proident, sunt in culpa qui officia deserunt mollit anim id est laborum.</p>
<blockquote>
<p>Lorem ipsum dolor sit amet, consectetur adipiscing elit, sed do eiusmod tempor incididunt ut labore et dolore magna aliqua. Ut enim ad minim veniam, quis nostrud exercitation ullamco laboris nisi ut aliquip ex ea commodo consequat. Duis aute irure dolor in reprehenderit in voluptate velit esse cillum dolore eu fugiat nulla pariatur. Excepteur sint occaecat cupidatat non proident, sunt in culpa qui officia deserunt mollit anim id est laborum.</p>
</blockquote>",richtext,,,,About Us,privacy_policy,4,0,2018-11-16T20:26:28,0,,1,868a6fec-1d47-4f68-8c21-618050cbf9dc,,,